1;emc;;
1;ps;;
1;ms;;
1;консоль;;
1;своеобразие;;
1;гармонизация;;
1;съемка;;
1;комплексирование;;
1;пиксель;;
1;избыточность;;
1;удовлетворение;;
1;информативность;;
1;ecb;;
1;деградация;;
1;строй;;
1;отказоустойчивость;;
1;hayes;;
1;nft;;
1;eft;;
1;оптимальность;;
1;ребро;;
1;решетка;;
1;тор;;
1;труднодоступность;;
1;киберфизический;;
1;оживление;;
1;сканирование;;
1;хост;;
1;триста;;
1;ssl-сертификат;;
1;полмиллиона;;
1;веб-сайт;;
1;требовать;;
1;распространенность;;
1;oscp-ответчик;;
1;облик;;
1;безбилетник;;
1;фк;;
1;фа;;
1;сглаживание;;
1;карцинома;;
1;дифференцировка;;
1;органоспецифичность;;
1;собственной;;
1;криптотокен;;
1;нерегулируемый;;
1;своей;;
1;блокчейн-технологией;;
1;данный;;
1;устояться;;
1;ico-проект;;
1;прибыльность;;
1;интернет-пространство;;
1;устойчивой;;
1;гликаны;;
1;связывание;;
1;сворачивание;;
1;n-гликозилирование;;
1;генотип;;
1;штамм;;
1;ru;;
1;мутация;;
1;экспрессия;;
1;подвижность;;
1;hek;;
1;димер;;
1;агрегат;;
1;рнк;;
1;solidity;;
1;сгенерировать;;
1;блокейн-сеть;;
1;трасса;;
1;инвариант;;
1;трансляция;;
1;smt-решатель;;
1;иллюстрироваться;;
1;minidao;;
1;thedao;;
1;двойник;;
1;smart-контракт;;
1;аудитор;;
1;окно;;
1;moreover;;
1;раунд;;
1;аксиомизация;;
1;обман;;
1;копия;;
1;каскад;;
1;кальциевый;;
1;прогрессирование;;
1;альцгеймер;;
1;сигнализация;;
1;нейрон;;
1;цитотоксический;;
1;пептид;;
1;тау-белков;;
1;блокатор;;
1;нитрендипин;;
1;мозг;;
1;клиренс;;
1;ар;;
1;эвристичность;;
1;насыщение;;
1;октябрь;;
1;европарламент;;
1;резолюция;;
1;ха;;
1;роялти;;
1;музыка;;
1;spotify;;
1;itunes;;
1;fdi;;
1;greenfield-fdi;;
1;adf;;
1;pp;;
1;ardl;;
1;ecm;;
1;hdi;;
1;oda;;
1;отслеживать;;
1;водность;;
1;грунт;;
1;среднее;;
1;бенефит;;
1;обусловливают;;
1;изученность;;
1;многомерный;;
1;парзен;;
1;эквивалентно;;
1;аугментация;;
1;размножение;;
1;смесь;;
1;пропускание;;
1;волна;;
1;плоскость;;
1;взимание;;
1;белоруссия;;
1;патент;;
1;снг;;
1;gcdb;;
1;kpi;;
1;наукометрика;;
1;бездумный;;
1;бюрократия;;
1;демонстрация;;
1;daoico;;
1;dao;;
1;sto;;
1;ivat;;
1;польза;;
1;i;;
1;стоглавый;;
1;блокчейн-сеть;;
1;h;;
1;окислительный;;
1;инертный;;
1;азот;;
1;гелий;;
1;катион;;
1;интермедиата;;
1;атом;;
1;окисление;;
1;b;;
1;энергосистема;;
1;электроснабжение;;
1;киберинфраструктура;;
1;поставщик;;
1;счетчик;;
1;топ-менеджер;;
1;deloitte;;
1;комплексность;;
1;стран-лидер;;
1;blockchain-проект;;
1;электроэнергетика;;
1;финансово-технологический;;
1;максимизация;;
1;бизнес-среда;;
1;трудоустройство;;
1;врач;;
1;блокчейн-специалист;;
1;максимум;;
1;системно-функциональный;;
1;системно-структурный;;
1;себестоимость;;
1;допущение;;
1;эмиссионер;;
1;метафора;;
1;прагматик;;
1;bsystem;;
1;веб-сервис;;
1;биометрия;;
1;dpkd;;
1;pls;;
1;телематика;;
1;интеллектуализация;;
1;отправка;;
1;подключить;;
1;оперирование;;
1;процветание;;
1;керн;;
1;дискредитация;;
1;конкурировать;;
1;следование;;
1;со-временной;;
1;данно-сть;;
1;пред-посылка;;
1;квали-фикация;;
1;англо-саксонский;;
1;семья;;
1;категориальный;;
1;продукт-приложение;;
1;фиат;;
1;постмодернизация;;
1;дигитализация;;
1;геймификация;;
1;креативизация;;
1;креативность;;
1;codelegit;;
1;samba;;
1;закредитованность;;
1;цифра;;
1;синхронизация;;
1;идентификатор;;
1;маршрут;;
1;транспортировка;;
1;правоприменитель;;
1;употребление;;
1;судьба;;
1;миграция;;
1;энергоэффективность;;
1;экологичность;;
1;экология;;
1;технократический;;
1;взаимодополнительность;;
1;идеал;;
1;электрогенерация;;
1;тэк;;
1;прослеживаемость;;
1;автоматика;;
1;самообразование;;
1;кадр;;
1;наличный;;
1;местоположение;;
1;портфельный;;
1;номинал;;
1;государственность;;
1;ама;;
1;симбиоз;;
1;подотдел;;
1;glomeromycotina;;
1;ама-гриб;;
1;растению-хозяин;;
1;пробоподготовка;;
1;подбор;;
1;праймер;;
1;амплификация;;
1;вложить;;
1;пцр;;
1;клонирование;;
1;секвенирование;;
1;юрков;;
1;крюков;;
1;горбунов;;
1;микориза;;
1;генетика;;
1;т;;
1;потрясение;;
1;санкция;;
1;вход;;
1;фундамент;;
1;ключевыхприоритет;;
1;оздоровление;;
1;многоаспектность;;
1;эйфория;;
1;преграда;;
1;архив;;
1;диалектический;;
1;правообладатель;;
1;современность;;
1;децентрализо-ванность;;
1;авторские;;
1;лепесток;;
1;внеполосный;;
1;cap;;
1;crds;;
1;домохозяйство;;
1;обстановка;;
1;дискретный;;
1;диаметр;;
1;шредингер;;
1;рассеяние;;
1;уплотнение;;
1;вязь;;
1;расстояние;;
1;миля;;
1;привязка;;
1;автономность;;
1;энергозатраты;;
1;таксономия;;
1;необоснованность;;
1;шкала;;
1;апробация;;
1;тыс;;
1;антитело;;
1;анафилаксия;;
1;этиология;;
1;рекомбинантный;;
1;патология;;
1;peer-to-peer;;
1;lendoit;;
1;kyc;;
1;стороны-посредник;;
1;содержимое;;
1;взнос;;
1;застройщик;;
1;наднациональный;;
1;поглощение;;
1;лексика;;
1;калька;;
1;лексический;;
1;китаевед;;
1;горелов;;
1;л;;
1;семенас;;
1;буров;;
1;кленин;;
1;щичко;;
1;гао;;
1;минкай;;
1;руйцин;;
1;мяо;;
1;ковать;;
1;чжу;;
1;лю;;
1;юнцюань;;
1;буква;;
1;полемика;;
1;тэрроу;;
1;фокус;;
1;неповиновение;;
1;петиция;;
1;нко;;
1;оппозиция;;
1;институционализировать;;
1;подробный;;
1;обещание;;
1;рецензирование;;
1;пристрастность;;
1;коррумпированность;;
1;бюрократизм;;
1;наукометрия;;
1;анархический;;
1;lc;;
1;импорт;;
1;хеширование;;
1;рецепт;;
1;телемедицина;;
1;индексировать;;
1;усреднение;;
1;доведение;;
1;таблица;;
1;классификатор;;
1;армения;;
1;киргизия;;
1;преемственность;;
1;медиакратия;;
1;война;;
1;дуэ;;
1;общность;;
1;постулирование;;
1;глобальность;;
1;устаревание;;
1;массовость;;
1;июль;;
1;подъем;;
1;лифт;;
1;накопить;;
1;налаживание;;
1;диспропорция;;
1;интегрировать;;
1;иувхнуть;;
1;иувха;;
1;блокейн-отношение;;
1;ться;;
1;недостаточность;;
1;никающий;;
1;вхождение;;
1;сегодня;;
1;онлайн;;
1;мука;;
1;mooc;;
1;maersk;;
1;lufthansa;;
1;walmart;;
1;unilever;;
1;nestle;;
1;samsung;;
1;мода;;
1;украшение;;
1;животное;;
1;почта;;
1;наращивание;;
1;грузооборот;;
1;авиакомпания;;
1;цп;;
1;erp;;
1;srm;;
1;tms;;
1;wms;;
1;отправление;;
1;корректность;;
1;маркировка;;
1;подлинность;;
1;пиринговый;;
1;равноправие;;
1;иерархия;;
1;рекреация;;
1;аутдор-индустрия;;
1;д-приложение;;
1;dapps;;
1;блокчейн-туризм;;
1;трек;;
1;обобщаются;;
1;упражнение;;
1;умение;;
1;ник;;
1;саб;;
1;причастность;;
1;пересечение;;
1;отмирание;;
1;осознание;;
1;сибирь;;
1;поворот;;
1;непровернуть;;
1;вращение;;
1;кома;;
1;провернуть;;
1;acer;;
1;quercus;;
1;betula;;
1;populus;;
1;picea;;
1;котел;;
1;пятнистый;;
1;контрастность;;
1;комок;;
1;пятно;;
1;гумусовый;;
1;элювиальный;;
1;отбелить;;
1;эрозия;;
1;влага;;
1;подстилка;;
1;уголь;;
1;педотурбация;;
1;bfh;;
1;троение;;
1;депозит;;
1;заем;;
1;прием;;
1;goldkrone;;
1;fidelio;;
1;lemona;;
1;растениеводство;;
1;земледелие;;
1;север;;
1;светокультура;;
1;диод;;
1;лм;;
1;фертикеа;;
1;кальцинит;;
1;полив;;
1;ч;;
1;одновременный;;
1;конвейер;;
1;микроклимат;;
1;помещение;;
1;раствор;;
1;влажность;;
1;цикличность;;
1;амихуд;;
1;стойкость;;
1;обратный;;
1;антиперсистентность;;
1;политико-правовой;;
1;кибератака;;
1;реорганизация;;
1;инициализация;;
1;необанк;;
1;пневмония;;
1;гєтєрологичный;;
1;геном;;
1;sars-cov;;
1;blast;;
1;белка;;
1;белка-s;;
1;аминокислота;;
1;контагиозность;;
1;консервативность;;
1;полярность;;
1;s-белка;;
1;пептидное;;
1;присущий;;
1;трансмиссивность;;
1;коллизия;;
1;наработка;;
1;глаз;;
1;дом;;
1;конечный;;
1;proptech;;
1;редкость;;
1;соперничество;;
1;бизнес-система;;
1;автоковариация;;
1;периодограмма;;
1;квантование;;
1;числовой;;
1;совпадение;;
1;точность;;
1;циркуляция;;
1;зима;;
1;весна;;
1;ярус;;
1;слоистый;;
1;nao;;
1;ao;;
1;ea-wr;;
1;правовед;;
1;робототехника;;
1;кельзен;;
1;разумность;;
1;неисполнение;;
1;оператор;;
1;правосубъектность;;
1;наделение;;
1;прецедент;;
1;декларирование;;
1;kb-линеале;;
1;обследование;;
1;январь;;
1;больной;;
1;экстракорпоральный;;
1;кровообращение;;
1;кардиоплегия;;
1;экк;;
1;ишемия;;
1;врем;;
1;повреждение;;
1;мышца;;
1;вентиляция;;
1;легкое;;
1;пребывание;;
1;отделение;;
1;верхушка;;
1;артерия;;
1;стенка;;
1;гемодинамика;;
1;проект-конкурент;;
1;медиа;;
1;дискурс;;
1;философия;;
1;журнализм;;
1;он-лайна;;
1;иерархичность;;
1;институциональность;;
1;стиль;;
1;субстандартный;;
1;внелитературный;;
1;просторечно-жаргонный;;
1;номинация;;
1;прагматика;;
1;стилистика;;
1;ортология;;
1;медиаречь;;
1;медиавоздействие;;
1;реклама;;
1;инфлюенсер;;
1;пост;;
1;твит;;
1;видео;;
1;миллион;;
1;подписчик;;
1;elibrary;;
1;субсидирование;;
1;заказ;;
1;осведомленность;;
1;цвцб;;
1;понимать;;
1;устанавливать;;
1;функционировать;;
1;действительность;;
1;криптоденежный;;
1;мечта;;
1;правотворчество;;
1;макроэкономика;;
1;мегакомпания;;
1;оснащенность;;
1;депозитарий;;
1;смартконтракт;;
1;сравнительного;;
1;коррозиметр;;
1;эксперт-004;;
1;хром;;
1;эконотроник;;
1;проработка;;
1;интернет-разведка;;
1;криптокошелек;;
1;обменник;;
1;кузов;;
1;расположение;;
1;преобразователь;;
1;эскроу;;
1;срез;;
1;прекурсор;;
1;криптопреступление;;
1;бизнес-сфера;;
1;кейс;;
1;перевозка;;
1;атр;;
1;интертран;;
1;отдел;;
1;отношений;;
1;российской;;
1;электросеть;;
1;россеть;;
1;ученый-исследователь;;
1;книжка;;
1;ei;;
1;нехватка;;
1;интернет-ресурс;;
1;swm;;
1;сортировка;;
1;гис-технология;;
1;web-гис;;
1;сознание;;
1;психика;;
1;вирец;;
1;захват;;
1;типология;;
1;инструментальный;;
1;гибридный;;
1;чтение;;
1;новелла;;
1;qr-код;;
1;скрипт;;
1;подсистема;;
1;интернет-сервис;;
1;самоуправление;;
1;интернет-пользователь;;
1;элита;;
1;возвратность;;
1;турист;;
1;кроу;;
1;правдоподобие;;
1;фишер;;
1;изделие;;
1;продолжительность;;
1;сотня;;
1;известность;;
1;нулевой;;
1;махинация;;
1;онлайн-характер;;
1;нежелание;;
1;уголовно-правовой;;
1;нейросеть;;
1;свидетель;;
1;руководитель;;
1;разброс;;
1;портал;;
1;впечатление;;
1;постулат;;
1;ревизия;;
1;darkcoin;;
1;xcoin;;
1;neo;;
1;petro;;
1;prizm;;
1;уче-н;;
1;эпизод;;
1;написание;;
1;корень;;
1;aristotle;;
1;cornford;;
1;keynes;;
1;marshall;;
1;marx;;
1;k;;
1;mcculloch;;
1;menger;;
1;mill;;
1;mises;;
1;l;;
1;mun;;
1;nakamoto;;
1;plato;;
1;say;;
1;smith;;
1;w;;
1;tobin;;
1;попыт-ка;;
1;проекция;;
1;цитата;;
1;смежный;;
1;недоступность;;
1;закрытость;;
1;извлечение;;
1;случайность;;
1;капиталовложение;;
1;сожаление;;
1;многий;;
1;кредитоспособность;;
1;терпение;;
1;шанс;;
1;промежуток;;
1;автоперевозка;;
1;контроллинг;;
1;контроллинга;;
1;компаративистика;;
1;дидактик;;
1;инноватика;;
1;сдерживание;;
1;мышление;;
1;обязательность;;
1;коррупция;;
1;рыночный;;
1;опека;;
1;tokens;;
1;paytech;;
1;интернационализация;;
1;бихевиоризм;;
1;млрд;;
1;долл;;
1;ямал;;
1;газпром;;
1;диверсификация;;
1;топливо;;
1;ликвидация;;
1;свф;;
1;студент-первокурсник;;
1;оптимизировать;;
1;упрощать;;
1;подукт;;
1;инжиниринг;;
1;соотнесение;;
1;ржд;;
1;холдинг;;
1;особь;;
1;функциональность;;
1;аутсорсинг;;
1;заверение;;
1;приложением-клиент;;
1;внос;;
1;отображение;;
1;упорядоченность;;
1;указ;;
1;нормализация;;
1;материальный;;
1;приватизация;;
1;blockchain-технология;;
1;крепление;;
1;километр;;
1;жара;;
1;мерзлота;;
1;пустыня;;
1;вода;;
1;запас;;
1;нефтедобыча;;
1;возобновляй;;
1;об-менник;;
1;синергия;;
1;институциональный;;
1;организационный;;
1;сдвиг;;
1;задолженность;;
1;контент-анализ;;
1;отсталость;;
1;местность;;
1;ландшафт;;
1;новыеотрасль;;
1;медиаиндустрия;;
1;интерактивность;;
1;информационнуюасимметрия;;
1;развитость;;
1;возрастание;;
1;учебник;;
1;обучаться;;
1;самоактуализация;;
1;классно-урочный;;
1;лицей;;
1;оренбург;;
1;децентрализованно;;
1;криптографический;;
1;гк;;
1;фгос;;
1;заведение;;
1;опоп;;
1;во;;
1;лекция;;
1;задание;;
1;it-проект;;
1;хакатон;;
1;химия;;
1;графический;;
1;технологичность;;
1;сдержанность;;
1;мгимо;;
1;мид;;
1;микро;;
1;мезо-;;
1;макроуровень;;
1;презентация;;
1;крипто;;
1;инициация;;
1;желательность;;
1;ict;;
1;государствах-лидер;;
1;кратко;;
1;локализация;;
1;платформиза-ция;;
1;демократизация;;
1;справедливость;;
1;crunchbase;;
1;пао;;
1;сбербанк;;
1;маркс;;
1;рота;;
1;наем;;
1;информационно-коммуникационный;;
1;исполнитель;;
1;обогащение;;
1;лаборант;;
1;администрация;;
1;аспирант;;
1;докторант;;
1;работодатель;;
1;компонента;;
1;опубликование;;
1;делопроизводство;;
1;учетно-контрольный;;
1;инвест-токен;;
1;субсчет;;
1;авангард;;
1;неподконтрольность;;
1;пополнение;;
1;финтех-трансформация;;
1;regtech;;
1;диалог;;
1;suptech;;
1;держатель;;
1;трансфер;;
1;nosql;;
1;bigdata;;
1;отсортировать;;
1;sstable;;
1;хеш-таблица;;
1;аннотация;;
1;моделей;;
1;денежно-кредитный;;
1;стимул;;
1;простой;;
1;параллельный;;
1;фондирование;;
1;эмпирический;;
1;искажение;;
1;валидация;;
1;взаимодействий;;
1;катализатор;;
1;конституирование;;
1;понятий;;
1;ссылка;;
1;актор-актант;;
1;алгоритмизированной;;
1;событий;;
1;действий;;
1;подчинение;;
1;идентичность;;
1;блок-время;;
1;позиций;;
1;ахронологичный;;
1;одновременность;;
1;собой;;
1;иррациональных;;
1;удача;;
1;тюмень;;
1;тобольск;;
1;ишим;;
1;безразличный;;
1;мотиватор;;
1;демотиватор;;
1;стереотип;;
1;профессионализация;;
1;introduction;;
1;tobolsk;;
1;ishim;;
1;bayer;;
1;astrazeneca;;
1;fabrx;;
1;biogen;;
1;pharmaceuticals;;
1;кооперация;;
1;одиночка;;
1;надгосударственный;;
1;вознаграждение;;
1;высоколиквидный;;
1;низкорисковой;;
1;r-cbdc;;
1;быстрота;;
1;r-;;
1;dcep;;
1;конвертируемый;;
1;хайек;;
1;озабоченность;;
1;бурный;;
1;экспериментирование;;
1;объяснение;;
1;менгер;;
1;еретический;;
1;криптоденьга;;
1;самооценка;;
1;периодичность;;
1;компромисс;;
1;геопозиционирование;;
1;киселев;;
1;родина;;
1;м;;
1;мелиховский;;
1;сухопаровой;;
1;неравномерность;;
1;биткоина-кошелек;;
1;биткоин-кошелек;;
1;кривая;;
1;лоренц;;
1;ламе;;
1;колькат;;
1;взрыв;;
1;синоним;;
1;мираж;;
1;отвергающих;;
1;петро;;
1;статть;;
1;віртуальний;;
1;однієї;;
1;слідчих;;
1;розшукових;;
1;дій;;
1;свідків;;
1;обвинувачених;;
1;запропоновані;;
1;грамотность;;
1;формообразование;;
1;геометрический;;
1;предъявитель;;
1;контролер;;
1;стирол;;
1;метилметакрилат;;
1;монослой;;
1;отрицание;;
1;внутрикорпоративный;;
1;синергический;;
1;нагрев;;
1;грин;;
1;общепринятых;;
1;изъятие;;
1;блокада;;
1;самофинансирование;;
1;монополист;;
1;btc;;
1;металлургия;;
1;эвм;;
1;высоконадежный;;
1;микроконтроллер;;
1;семейство;;
1;парамет-ров;;
1;настройка;;
1;валютя;;
1;криптовалютя;;
1;описуєтиться;;
1;розвиток;;
1;формуванний;;
1;середовище;;
1;здійснить;;
1;тенденція;;
1;ринк;;
1;країич;;
1;ная-вність;;
1;визначить;;
1;бази;;
1;bruce;;
1;bitcon;;
1;биткоиня;;
1;словарь;;
1;макдональд;;
1;лоугрэн;;
1;читабельность;;
1;сетка;;
1;регулировка;;
1;диджитализация;;
1;диджерать;;
1;спекулянт;;
1;конкурент;;
1;соотнесены;;
1;протоденьга;;
1;тюльпан;;
1;резонатор;;
1;прибор;;
1;стеклокерамика;;
1;изготовление;;
1;параллель;;
1;закат;;
1;фунт;;
1;стерлинг;;
1;рекорд;;
1;непризнание;;
1;торг;;
1;регрессионный;;
1;корреляционный;;
1;уплата;;
1;системность;;
1;карман;;
1;афера;;
1;море;;
1;twitter;;
1;мультипликатор;;
1;попадание;;
1;gps;;
1;калифорния;;
1;геодинамика;;
1;однородный;;
1;кора;;
1;поле;;
1;пресса;;
1;высказывание;;
1;минимум;;
1;релаксация;;
1;высота;;
1;трение;;
1;метрика;;
1;xrp;;
1;месяц;;
1;изыскание;;
1;авторегрессия;;
1;гутенберг;;
1;письмо;;
1;письменность;;
1;адепт;;
1;приемлемость;;
1;относительный;;
1;криптопроект;;
1;дедолларизация;;
1;камень;;
1;опек;;
1;нефтедоллар;;
1;игрок;;
1;обесценивание;;
1;активизация;;
1;рфпь;;
1;реконструкция;;
1;редакция;;
1;бандель;;
1;уэрри;;
1;объединить;;
1;монография;;
1;потребление;;
1;мораль;;
1;этика;;
1;социологический;;
1;культурологический;;
1;вивианы;;
1;взаимозаменяемость;;
1;банкротство;;
1;илья;;
1;царьков;;
1;должник;;
1;банкрот;;
1;заседание;;
1;москва;;
1;ходатайство;;
1;довод;;
1;правосудие;;
1;ветвь;;
1;шеннон;;
1;память;;
1;разложение;;
1;garch-подход;;
1;мсфо;;
1;garch;;
1;xbrl;;
1;бизнес-отчетность;;
1;криптономика;;
1;жетон;;
1;сосуществование;;
1;прекращение;;
1;приспособление;;
1;человечество;;
1;интроспекция;;
1;драгоценный;;
1;феодализм;;
1;отрыв;;
1;полиметилметакрилат;;
1;диск;;
1;волнующий;;
1;регрессия;;
1;провал;;
1;начинание;;
1;трамп;;
1;enisa;;
1;сентябрь;;
1;одобрение;;
1;пар;;
1;залив;;
1;рацион;;
1;питание;;
1;пестицид;;
1;углеводород;;
1;здоровье;;
1;жаквиль;;
1;дабуа;;
1;гибель;;
1;рыба;;
1;преступник;;
1;оружие;;
1;эми;;
1;разрыв;;
1;дефект;;
1;микротрещина;;
1;критовалюта;;
1;россиянин;;
1;зарплата;;
1;курсант;;
1;ага;;
1;образовать;;
1;встатья;;
1;даннык;;
1;резулыат;;
1;колмогоров-смирнов;;
1;причисление;;
1;содеять;;
1;стан;;
1;киберпространство;;
1;интернет-магазин;;
1;qiwi;;
1;ваучер;;
1;наркопреступление;;
1;фильтр;;
1;низкочастотный;;
1;rc;;
1;kp;;
1;стопроцентный;;
1;ширина;;
1;углубление;;
1;инновационность;;
1;поселение;;
1;примесь;;
1;стена;;
1;облицовка;;
1;изолиния;;
1;оверсайта;;
1;бетон;;
1;наиболееподходящий;;
1;осевой;;
1;прочность;;
1;сжатие;;
1;восьмерка;;
1;которыхв;;
1;фибра;;
1;квазистатическоенагружение;;
1;данныхполучена;;
1;tppu;;
1;вера;;
1;ретроспектива;;
1;рассуждение;;
1;цивилист;;
1;благо;;
1;местонахождение;;
1;организатор;;
1;автьорами;;
1;выдача;;
1;пользование;;
1;корн;;
1;сальдировать;;
1;кредитно-денежный;;
1;авария;;
1;изношенность;;
1;девальвация;;
1;турбулентность;;
1;агрессия;;
1;вторжение;;
1;урок;;
1;неотъемлемый;;
1;тони;;
1;бьюзан;;
1;топологический;;
1;непрерывность;;
1;связность;;
1;топологическими;;
1;иск;;
1;заявление;;
1;аналитик;;
1;ужесточение;;
1;нарушитель;;
1;нерепатриация;;
1;единообразный;;
1;обосновываться;;
1;конфискация;;
1;namecoin;;
1;ppcoin;;
1;novacoin;;
1;псевдоанонимность;;
1;кристалл;;
1;комплементарность;;
1;взаимодополняемость;;
1;комбинация;;
1;поступление;;
1;лежать;;
1;нидерланды;;
1;зеландия;;
1;штат;;
1;оффшор;;
1;индонезия;;
1;швейцария;;
1;канада;;
1;незамедлительный;;
1;цветной;;
1;завещание;;
1;декрет;;
1;провозглашение;;
1;универсальность;;
1;неоднозначность;;
1;от-ношение;;
1;шагомявиться;;
1;томчисл;;
1;новогопоколение;;
1;потен-циал;;
1;технологическуюпривязка;;
1;недопустимость;;
1;интегрированность;;
1;аргументироваться;;
1;контрабанда;;
1;трансграничность;;
1;dah;;
1;monero;;
1;zcach;;
1;деанономизация;;
1;transaction;;
1;kyt;;
1;elliptic;;
1;привнося;;
1;сужая;;
1;требность;;
1;также;;
1;бит-коином;;
1;ндс;;
1;обоснованный;;
1;сочетать;;
1;для;;
1;обусловливающих;;
1;подрыв;;
1;наличность;;
1;аккумуляция;;
1;ввод;;
1;сопоставить;;
1;происшествие;;
1;обыск;;
1;выемка;;
1;прорывный;;
1;биткойны;;
1;новация;;
1;существо;;
1;финансовыхрынковибиржа;;
1;веха;;
1;обозревателисовершенноискреннесчитаютегосамымгениальнымизобретениемпоследнихдесятилетие;;
1;однакосейчасажиотажинепомерноевосхищениетехническимирешение;;
1;биткоин-сеть;;
1;америка;;
1;аргентина;;
1;чили;;
1;колумбия;;
1;информирование;;
1;резидент;;
1;вынесение;;
1;дюрации;;
1;ведомство;;
1;конференция;;
1;главное;;
1;криптоюань;;
1;упор;;
1;платежка;;
1;требование-поручение;;
1;зачет;;
1;пр;;
1;перемена;;
1;изобретение;;
1;криптомайнером;;
1;криптомайнер;;
1;дорога;;
1;ip;;
1;капиталь;;
1;дивиденд;;
1;проспект;;
1;аудит;;
1;эстония;;
1;rec;;
1;комитет;;
1;министр;;
1;совет;;
1;датировка;;
1;детерминистический;;
1;множественность;;
1;воля;;
1;сформировать;;
1;допуск;;
1;хождение;;
1;отметка;;
1;приемущество;;
1;надежный;;
1;фальшивомонетчество;;
1;подлинный;;
1;биткойна-пользователь;;
1;анонимнсть;;
1;регламент;;
1;единственность;;
1;бессель;;
1;отделенность;;
1;нуль;;
1;асимптотика;;
1;листинг;;
1;биткоин-фонд;;
1;itf;;
1;ферросплав;;
1;крипто-деньга;;
1;лидерство;;
1;люминесцентный;;
1;микроскопия;;
1;фосфор;;
1;дрожжи;;
1;fusarium;;
1;водоросль;;
1;микроорганизм;;
1;варьировать;;
1;малый;;
1;повидимый;;
1;агломерат;;
1;субкультура;;
1;внушение;;
1;регуляция;;
1;взаимный;;
1;альткоин;;
1;группировка;;
1;задел;;
1;противовес;;
1;формировать;;
1;приток;;
1;разрушительный;;
1;когерентный;;
1;сверхширокополосный;;
1;периодический;;
1;разнести;;
1;антенна;;
1;координата;;
1;цивилистика;;
1;лексикон;;
1;фикция;;
1;экземпляр;;
1;перечисление;;
1;обрасти;;
1;площадь;;
1;прибавка;;
1;зерно;;
1;ед;;
1;окупаемость;;
1;ассоциация;;
1;страх;;
1;рационализация;;
1;палата;;
1;бухгалтерия;;
1;удешевление;;
1;форум;;
1;преддверие;;
1;триумф;;
1;рука;;
1;принадлежность;;
1;никозия;;
1;жертва;;
1;вымогательство;;
1;взятка;;
1;нормальность;;
1;замечание;;
1;web-онтология;;
1;iec;;
1;дизъюнкт;;
1;owl;;
1;dl;;
1;swrl;;
1;теоретический;;
1;прокуратура;;
1;судно;;
1;нгиэу;;
1;аспирантура;;
1;магистратура;;
1;бакалавриат;;
1;добавление;;
1;удостоверять;;
1;хеш-сумма;;
1;подмена;;
1;возмущение;;
1;мультипликативный;;
1;огибать;;
1;мультипликативных;;
1;модулирующих;;
1;априорный;;
1;адекватность;;
1;irs;;
1;fatca;;
1;неясность;;
1;гражданско-правовой;;
1;объективно-обусловить;;
1;дробный;;
1;crix;;
1;ясность;;
1;выгодность;;
1;поручение;;
1;дефляция;;
2;инициатор;;
2;документирование;;
2;отклонение;;
2;отнесение;;
2;поддержание;;
2;зондирование;;
2;земля;;
2;базирование;;
2;декомпозиция;;
2;работоспособность;;
2;вершина;;
2;финмониторинг;;
2;команда;;
2;популяризация;;
2;ocsp;;
2;противопоставление;;
2;железа;;
2;ребенок;;
2;подросток;;
2;воз;;
2;чел;;
2;рак;;
2;аденома;;
2;полиморфизм;;
2;roi;;
2;ico-стартап;;
2;отбор;;
2;обозначение;;
2;обладатель;;
2;оболочка;;
2;сборка;;
2;прохождение;;
2;патогенез;;
2;sf;;
2;присутствие;;
2;подавление;;
2;hcv;;
2;формализация;;
2;секунда;;
2;макет;;
2;хронология;;
2;контрагент;;
2;инструкция;;
2;сертификация;;
2;o;;
2;коммерциализация;;
2;лицензия;;
2;болезнь;;
2;свет;;
2;ион;;
2;ар-пептид;;
2;производная;;
2;объективность;;
2;одноранговый;;
2;цензура;;
2;поощрение;;
2;дестабилизация;;
2;gfdi;;
2;атака;;
2;злоумышленник;;
2;русло;;
2;аргумент;;
2;переменный;;
2;изменчивость;;
2;интегральный;;
2;встраивание;;
2;экспансия;;
2;самоорганизация;;
2;заинтересованность;;
2;репутация;;
2;удобство;;
2;удержание;;
2;ieo;;
2;тестирование;;
2;своевременность;;
2;it;;
2;допустимость;;
2;постановка;;
2;блокчейн-проект;;
2;тг;;
2;отщепление;;
2;соединение;;
2;cofe;;
2;d;;
2;онлайн-платформа;;
2;купля-продажа;;
2;электроэнергия;;
2;австралия;;
2;здравоохранение;;
2;расписка;;
2;превращение;;
2;аналитика;;
2;внешэкономбанк;;
2;exonum;;
2;мобильность;;
2;подделка;;
2;гарантирование;;
2;недоверие;;
2;график;;
2;депо;;
2;мина;;
2;обстоятельство;;
2;прорыв;;
2;страница;;
2;открытие;;
2;игра;;
2;творчество;;
2;компетентность;;
2;арбитраж;;
2;kleros;;
2;намерение;;
2;практик;;
2;ориентир;;
2;азия;;
2;выдвижение;;
2;сближение;;
2;социализация;;
2;проблематика;;
2;противостояние;;
2;профессия;;
2;монетизация;;
2;карта;;
2;наличные;;
2;мотив;;
2;банкнота;;
2;цитирование;;
2;п;;
2;о;;
2;вто;;
2;ускорение;;
2;формально-логический;;
2;формально-юридический;;
2;полоса;;
2;спад;;
2;киберпреступность;;
2;укрепление;;
2;кодирование;;
2;линия;;
2;дисперсия;;
2;заменитель;;
2;распределенный;;
2;регистр;;
2;хранилище;;
2;лечение;;
2;нефакторный;;
2;осложнение;;
2;биотехнология;;
2;госуправление;;
2;лингвистика;;
2;и;;
2;ф;;
2;сопротивление;;
2;отмена;;
2;неинституционализировать;;
2;мотивация;;
2;документация;;
2;нововведение;;
2;вес;;
2;scopus;;
2;доктрина;;
2;учение;;
2;господство;;
2;эфир;;
2;двигатель;;
2;педагог;;
2;школа;;
2;учитель;;
2;аэропорт;;
2;преподаватель;;
2;математика;;
2;концентрация;;
2;занятие;;
2;геометрия;;
2;почвенный;;
2;ком;;
2;микрорельеф;;
2;поверхность;;
2;глубина;;
2;укроп;;
2;петрушка;;
2;базилик;;
2;юг;;
2;освещение;;
2;херст;;
2;ripple;;
2;dash;;
2;покупка;;
2;covid-19;;
2;тайна;;
2;коронавирус;;
2;трансмиссия;;
2;иммуноэпитопный;;
2;родство;;
2;s-белок;;
2;вариативность;;
2;семантика;;
2;покрытие;;
2;обострение;;
2;интенсификация;;
2;повторяемость;;
2;облако;;
2;sca;;
2;единство;;
2;многообразие;;
2;агрегатор;;
2;декабрь;;
2;миокард;;
2;стабилизатор;;
2;простота;;
2;сми;;
2;медиатекст;;
2;медиадискурс;;
2;электорат;;
2;продвижение;;
2;преференция;;
2;список;;
2;исправление;;
2;джиня;;
2;ао;;
2;наступление;;
2;наноквазиметалл;;
2;соль;;
2;хозяйствование;;
2;эконотроника;;
2;техника;;
2;электровоз;;
2;порнография;;
2;наркотик;;
2;реагирование;;
2;бизнес-стратегия;;
2;арена;;
2;крауда-технология;;
2;свобода;;
2;царство;;
2;субсидия;;
2;пункт;;
2;деглобализация;;
2;прикладной;;
2;дума;;
2;диспетчер;;
2;диагностика;;
2;общественность;;
2;падение;;
2;нагружение;;
2;криптобиржа;;
2;комиссия;;
2;охрана;;
2;финансист;;
2;деятель;;
2;агентство;;
2;котировка;;
2;мысль;;
2;суждение;;
2;сохранность;;
2;крым;;
2;актуализация;;
2;разграничение;;
2;лидер;;
2;сырье;;
2;торжок;;
2;оао;;
2;реинжиниринг;;
2;упорядочение;;
2;буликов;;
2;журнал;;
2;therefore;;
2;связка;;
2;рама;;
2;емкость;;
2;микрогрид;;
2;саморазвитие;;
2;возобновлять;;
2;перенос;;
2;выпускник;;
2;арта;;
2;выведение;;
2;финтех-компания;;
2;рентабельность;;
2;абстракция;;
2;формулирование;;
2;легитимизация;;
2;центробанковский;;
2;внутристрановой;;
2;стагнация;;
2;онлайн-арбитраж;;
2;уклад;;
2;к;;
2;платформенность;;
2;распределенность;;
2;рента;;
2;рантье;;
2;абитуриент;;
2;нарастание;;
2;бизнес-проект;;
2;цфа;;
2;корректив;;
2;заемщик;;
2;ключ-значение;;
2;представлений;;
2;зарождение;;
2;мандат;;
2;дисбаланс;;
2;значений;;
2;майнинг;;
2;наблюдатель;;
2;вовлеченность;;
2;интервью;;
2;фокус-группа;;
2;житель;;
2;напр;;
2;коллаборация;;
2;ои;;
2;w-cbdc;;
2;унификация;;
2;феноменология;;
2;визер;;
2;шумпетер;;
2;продолжение;;
2;опасение;;
2;ставка;;
2;убыток;;
2;биткоин-адрес;;
2;неравенство;;
2;крах;;
2;браузер;;
2;эфириум;;
2;мужчина;;
2;венесуэла;;
2;тактика;;
2;проведенний;;
2;легалізації;;
2;відмиванний;;
2;доходів;;
2;шлях;;
2;умов;;
2;сечение;;
2;деталь;;
2;пленка;;
2;сополимер;;
2;макромолекула;;
2;рычаг;;
2;уникальность;;
2;экономико-математический;;
2;полемизировать;;
2;монополия;;
2;google;;
2;україні;;
2;підходів;;
2;операція;;
2;детерминант;;
2;биткойне;;
2;взаимозависимость;;
2;грэнджер;;
2;причинность;;
2;синтезатор;;
2;порог;;
2;лихорадка;;
2;голландия;;
2;датчик;;
2;корпус;;
2;диалектика;;
2;клиринг;;
2;уклонение;;
2;бразилия;;
2;структурирование;;
2;недопущение;;
2;аномалия;;
2;прошлое;;
2;взлом;;
2;распад;;
2;es;;
2;облигация;;
2;предвидение;;
2;arma;;
2;arima;;
2;извещение;;
2;зелизер;;
2;вакуум;;
2;буквализм;;
2;фильтрация;;
2;рейтингование;;
2;структуризация;;
2;пробел;;
2;ит-технология;;
2;v-образными;;
2;вырез;;
2;отверстие;;
2;деформация;;
2;надрез;;
2;переток;;
2;возвращение;;
2;берег;;
2;морепродукт;;
2;деформирование;;
2;кимрт;;
2;компьютер;;
2;ухудшение;;
2;научный;;
2;осмотр;;
2;субъективность;;
2;полином;;
2;лагранж;;
2;фнч;;
2;пропорциональность;;
2;р;;
2;выброс;;
2;диаграмма;;
2;лояльность;;
2;оборотоспособность;;
2;интеллект-карта;;
2;восприятие;;
2;возрождение;;
2;жидкость;;
2;fatf;;
2;swot-анализ;;
2;по;;
2;как;;
2;it-технология;;
2;евро;;
2;климат;;
2;биткойн-биржа;;
2;биткойн;;
2;знаменатель;;
2;номер;;
2;мкм;;
2;социология;;
2;убеждение;;
2;задержка;;
2;га;;
2;кг;;
2;середина;;
2;усовершенствование;;
2;порча;;
2;аддитивный;;
2;двухмерный;;
3;версия;;
3;адрес;;
3;открытость;;
3;льгота;;
3;станция;;
3;апертура;;
3;диапазон;;
3;полнота;;
3;f;;
3;стабилизация;;
3;ocsp-ответчик;;
3;сертификат;;
3;ключ;;
3;строение;;
3;фв;;
3;пк;;
3;нфо;;
3;утрата;;
3;краудфандинг;;
3;инвестиций;;
3;гепатит;;
3;вирион;;
3;гликан;;
3;млекопитающее;;
3;длина;;
3;жизнеспособность;;
3;ai;;
3;вмешательство;;
3;целостность;;
3;алгоритмизация;;
3;са;;
3;разъяснение;;
3;фальсификация;;
3;произведение;;
3;m;;
3;отложение;;
3;назначение;;
3;разнообразие;;
3;дефицит;;
3;налогоплательщик;;
3;цивилизация;;
3;неизменность;;
3;fe;;
3;аргон;;
3;водород;;
3;лиганд;;
3;дкс;;
3;масштабируемость;;
3;уход;;
3;опрос;;
3;германия;;
3;половина;;
3;модификация;;
3;страхователь;;
3;электролизер;;
3;методологический;;
3;общенаучный;;
3;интерфейс;;
3;драйвер;;
3;роботизация;;
3;рецессия;;
3;iot;;
3;собственник;;
3;законодатель;;
3;оригинальность;;
3;функционал;;
3;обслуживание;;
3;нестабильность;;
3;политик;;
3;траектория;;
3;результативность;;
3;независимость;;
3;гриб;;
3;устойчивость;;
3;преодоление;;
3;излучение;;
3;утверждение;;
3;терминология;;
3;онтология;;
3;призма;;
3;росреестр;;
3;уничтожение;;
3;оформление;;
3;д;;
3;выстраивание;;
3;токенизация;;
3;экспорт;;
3;запрос;;
3;надзор;;
3;издание;;
3;блокчейн-отношение;;
3;преобладание;;
3;маркетинг;;
3;картина;;
3;ветровал;;
3;полезность;;
3;выращивание;;
3;сорт;;
3;litecoin;;
3;прибыль;;
3;крипторынок;;
3;инфляция;;
3;провайдер;;
3;субъединица;;
3;добыча;;
3;неизбежность;;
3;робот;;
3;переосмысление;;
3;экономия;;
3;производитель;;
3;аудитория;;
3;тысяча;;
3;охват;;
3;фон;;
3;центробанк;;
3;новшество;;
3;контент;;
3;сравнительный;;
3;воспроизводство;;
3;специальность;;
3;машина;;
3;май;;
3;запуск;;
3;равенство;;
3;манипуляция;;
3;имя;;
3;формулировка;;
3;j;;
3;возврат;;
3;юань;;
3;взаимоотношение;;
3;дополнение;;
3;отзыв;;
3;рецензия;;
3;составление;;
3;президент;;
3;индия;;
3;информатизация;;
3;родитель;;
3;школьник;;
3;учиться;;
3;сервер;;
3;гибкость;;
3;конфигурация;;
3;соглашение;;
3;стейкхолдер;;
3;вытеснение;;
3;завершение;;
3;бум;;
3;централизация;;
3;блокчейн;;
3;концепт;;
3;уверенность;;
3;отставание;;
3;корректировка;;
3;глава;;
3;фиатная;;
3;харбергер;;
3;жизнедеятельность;;
3;рффи;;
3;богатство;;
3;аппроксимация;;
3;член;;
3;час;;
3;интерполяция;;
3;сходимость;;
3;carruthers;;
3;лаг;;
3;экскурс;;
3;аппарат;;
3;юар;;
3;поспешность;;
3;кража;;
3;деление;;
3;читатель;;
3;var;;
3;предсказание;;
3;файл-деньга;;
3;резерв;;
3;легитимность;;
3;управлять;;
3;кот-д;;
3;ивуар;;
3;заражение;;
3;приобретение;;
3;порода;;
3;анкетирование;;
3;шум;;
3;мзб;;
3;конкурс;;
3;наркоторговля;;
3;соблюдение;;
3;сингапур;;
3;евросоюз;;
3;секъюритизация;;
3;сопровождение;;
3;нгк;;
3;криминализация;;
3;интерферометрия;;
3;респондент;;
3;строка;;
3;симметричный;;
4;генерация;;
4;кодекс;;
4;конфликт;;
4;вершинный;;
4;ipo;;
4;заболевание;;
4;активность;;
4;название;;
4;e;;
4;гликозилирование;;
4;гликопротеин;;
4;насекомое;;
4;б;;
4;верификация;;
4;участок;;
4;аналог;;
4;доказательство;;
4;массив;;
4;автоматизация;;
4;критика;;
4;украина;;
4;н;;
4;статистика;;
4;служащий;;
4;блокчейн-решение;;
4;горизонт;;
4;препятствие;;
4;стейблкойный;;
4;ликвидность;;
4;автомобиль;;
4;страховщик;;
4;трафик;;
4;пакет;;
4;численность;;
4;сходство;;
4;толкование;;
4;правоведение;;
4;руководство;;
4;указание;;
4;бюджет;;
4;криптография;;
4;обновление;;
4;сотрудник;;
4;раз;;
4;определенность;;
4;законопроект;;
4;нахождение;;
4;возраст;;
4;пандемия;;
4;величина;;
4;ам-гриб;;
4;перспективность;;
4;библиотека;;
4;европа;;
4;сравнительно-правовой;;
4;посредничество;;
4;длительность;;
4;криптосистема;;
4;импульс;;
4;децентрализованность;;
4;востребованность;;
4;свертывание;;
4;кампания;;
4;уменьшение;;
4;разрез;;
4;регламентация;;
4;груз;;
4;шифрование;;
4;каркас;;
4;дерево;;
4;след;;
4;вывал;;
4;перемещение;;
4;район;;
4;урожайность;;
4;кредитор;;
4;имплементация;;
4;sars-cov-2;;
4;направленность;;
4;шунтирование;;
4;приведение;;
4;cbdc;;
4;занятость;;
4;собрание;;
4;долговечность;;
4;преступность;;
4;предупреждение;;
4;оказание;;
4;благосостояние;;
4;владение;;
4;ступень;;
4;юрисдикция;;
4;экономист;;
4;перечень;;
4;давление;;
4;наименование;;
4;лсг;;
4;протяжение;;
4;ук;;
4;парадигма;;
4;отражение;;
4;обоснованность;;
4;криптоэкономика;;
4;дефиниция;;
4;носитель;;
4;знак;;
4;серия;;
4;молодежь;;
4;суверенитет;;
4;смена;;
4;аукцион;;
4;повод;;
4;дискретизация;;
4;тональность;;
4;аргументация;;
4;портфель;;
4;согласие;;
4;загрязнение;;
4;доза;;
5;ст;;
5;индукция;;
5;дедукция;;
5;согласованность;;
5;супруг;;
5;потеря;;
5;акция;;
5;урегулирование;;
5;аналогия;;
5;блокчейн-платформа;;
5;согласование;;
5;ядро;;
5;навык;;
5;вгс;;
5;акционер;;
5;кровь;;
5;упрощение;;
5;отслеживание;;
5;лицензирование;;
5;a;;
5;тематика;;
5;устранение;;
5;залог;;
5;смарта-контракт;;
5;доставка;;
5;cn;;
5;nh;;
5;c;;
5;со;;
5;температура;;
5;взаиморасчет;;
5;великобритания;;
5;япония;;
5;доля;;
5;сбережение;;
5;защищенность;;
5;ожидание;;
5;кибербезопасность;;
5;сокрытие;;
5;правоотношение;;
5;революция;;
5;спор;;
5;разрешение;;
5;координация;;
5;формат;;
5;инициатива;;
5;суть;;
5;замещение;;
5;рейтинг;;
5;масса;;
5;поколение;;
5;нефть;;
5;усилие;;
5;фурье;;
5;волокно;;
5;солитон;;
5;уравнение;;
5;пара;;
5;разработчик;;
5;стандартизация;;
5;гемофилия;;
5;пациент;;
5;эквивалент;;
5;в;;
5;оспаривание;;
5;плюс;;
5;топология;;
5;раздел;;
5;продуктивность;;
5;ценообразование;;
5;инстанция;;
5;сердце;;
5;пересмотр;;
5;ущерб;;
5;проникновение;;
5;площадка;;
5;вложение;;
5;ввп;;
5;министерство;;
5;изложение;;
5;сумма;;
5;несоответствие;;
5;подтверждение;;
5;перераспределение;;
5;зона;;
5;месторождение;;
5;ес;;
5;личность;;
5;прогресс;;
5;капитализм;;
5;стейблкоин;;
5;звено;;
5;слой;;
5;тест;;
5;реформирование;;
5;запрет;;
5;визуализация;;
5;гранула;;
5;удобрение;;
5;севооборот;;
5;диплом;;
6;трактовка;;
6;выход;;
6;граф;;
6;децентрализованный;;
6;нагрузка;;
6;актор;;
6;освоение;;
6;различие;;
6;доходность;;
6;экосистема;;
6;работник;;
6;внесение;;
6;вычисление;;
6;обсуждение;;
6;вектор;;
6;казахстан;;
6;индикатор;;
6;применимость;;
6;эксплуатация;;
6;медицина;;
6;консенсус;;
6;металл;;
6;выгода;;
6;установка;;
6;оборудование;;
6;обнаружение;;
6;успех;;
6;сценарий;;
6;объединение;;
6;доклад;;
6;транспорт;;
6;гарантия;;
6;промышленность;;
6;терапия;;
6;реакция;;
6;срок;;
6;слово;;
6;минус;;
6;мониторинг;;
6;криптосфера;;
6;выражение;;
6;помеха;;
6;правоприменение;;
6;западина;;
6;течение;;
6;стремление;;
6;криминалистика;;
6;сбыт;;
6;погрешность;;
6;fintech;;
6;кошелек;;
6;хозяйство;;
6;предположение;;
6;криптопреступность;;
6;компания-оператор;;
6;строительство;;
6;баланс;;
6;дана;;
6;капитализация;;
6;газ;;
6;дисциплина;;
6;искусство;;
6;цб;;
6;биткойна;;
6;растяжение;;
6;fm;;
6;террор;;
7;отчет;;
7;квалификация;;
7;пора;;
7;под;;
7;фт;;
7;наблюдение;;
7;распоряжение;;
7;реальность;;
7;закономерность;;
7;книга;;
7;частица;;
7;накопление;;
7;набор;;
7;невозможность;;
7;важность;;
7;фирма;;
7;барьер;;
7;трудность;;
7;нанос;;
7;архитектура;;
7;восстановление;;
7;прозрачность;;
7;корпорация;;
7;воздух;;
7;термолиз;;
7;интервал;;
7;сомнение;;
7;документооборот;;
7;продажа;;
7;усиление;;
7;трансакция;;
7;стимулирование;;
7;замена;;
7;закупка;;
7;расследование;;
7;цепочка;;
7;шаг;;
7;страхование;;
7;анод;;
7;производительность;;
7;интенсивность;;
7;подразделение;;
7;агент;;
7;закрепление;;
7;термин;;
7;виэ;;
7;мощность;;
7;улучшение;;
7;альтернатива;;
7;растение;;
7;ведение;;
7;сообщение;;
7;проявление;;
7;заимствование;;
7;беларусь;;
7;ответ;;
7;реалия;;
7;кредит;;
7;банкинг;;
7;s;;
7;привлекательность;;
7;вещество;;
7;ро;;
7;тезис;;
7;сопоставление;;
7;век;;
7;колебание;;
8;сведение;;
8;сокращение;;
8;служба;;
8;опухоль;;
8;монета;;
8;с;;
8;удаление;;
8;исключение;;
8;фиксация;;
8;ошибка;;
8;предел;;
8;корреляция;;
8;регистрация;;
8;разрушение;;
8;рубеж;;
8;становление;;
8;выборка;;
8;приоритет;;
8;атмосфера;;
8;конфиденциальность;;
8;матрица;;
8;интерпретация;;
8;эмитент;;
8;граница;;
8;размер;;
8;проектирование;;
8;вуз;;
8;готовность;;
8;фонд;;
8;неопределенность;;
8;акцент;;
8;еаэс;;
8;преобразование;;
8;мероприятие;;
8;опасность;;
8;стать;;
8;происхождение;;
8;смысл;;
8;бумага;;
8;модернизация;;
8;начало;;
8;реформа;;
8;испытание;;
8;доллар;;
8;китай;;
8;уточнение;;
8;биткоин;;
8;пузырь;;
8;криптоэмиссия;;
9;расширение;;
9;аккредитив;;
9;разновидность;;
9;обязанность;;
9;е;;
9;эксперт;;
9;протокол;;
9;сложность;;
9;коммуникация;;
9;вероятность;;
9;многое;;
9;владелец;;
9;род;;
9;размещение;;
9;формула;;
9;фаза;;
9;специалист;;
9;плотность;;
9;эксперимент;;
9;исследователь;;
9;достоинство;;
9;вклад;;
9;учреждение;;
9;минимизация;;
9;стейблкойн;;
9;центр;;
9;запись;;
9;профиль;;
9;республика;;
9;сила;;
9;эпоха;;
9;персонал;;
9;менеджмент;;
9;прогноз;;
9;гражданин;;
9;дискуссия;;
9;адаптация;;
9;затрата;;
9;преподавание;;
9;культура;;
9;предоставление;;
9;деяние;;
9;конструкция;;
9;хищение;;
9;контейнер;;
9;новость;;
9;образец;;
10;выделение;;
10;класс;;
10;круг;;
10;узел;;
10;посредник;;
10;сочетание;;
10;сбор;;
10;вирус;;
10;экспертиза;;
10;отчетность;;
10;планирование;;
10;доступ;;
10;уязвимость;;
10;противоречие;;
10;измерение;;
10;речь;;
10;конец;;
10;целесообразность;;
10;союз;;
10;децентрализация;;
10;множество;;
10;воздействие;;
10;город;;
10;осмысление;;
10;включение;;
10;признание;;
10;асеана;;
10;инвестирование;;
10;p;;
10;текст;;
10;правительство;;
10;информатика;;
10;туризм;;
10;почва;;
10;установление;;
10;последовательность;;
10;прв;;
11;логика;;
11;предотвращение;;
11;ценность;;
11;достоверность;;
11;мошенничество;;
11;масштаб;;
11;очередь;;
11;частота;;
11;компонент;;
11;сайт;;
11;выполнение;;
11;нарушение;;
11;майнинг;;
11;представитель;;
11;составлять;;
11;сообщество;;
11;ученый;;
11;вещь;;
11;литература;;
11;поведение;;
11;коммерция;;
11;способность;;
11;сотрудничество;;
11;конкурентоспособность;;
11;суд;;
11;препарат;;
11;взаимосвязь;;
11;посягательство;;
11;облачность;;
11;дизайн;;
11;бизнес-модель;;
11;черта;;
11;кнр;;
11;кластер;;
12;расход;;
12;отказ;;
12;устройство;;
12;следствие;;
12;исполнение;;
12;цикл;;
12;факт;;
12;индустрия;;
12;оплата;;
12;потребитель;;
12;дело;;
12;криптоактив;;
12;компетенция;;
12;конкуренция;;
12;обязательство;;
12;золото;;
12;движение;;
12;соотношение;;
12;перевод;;
12;обобщение;;
12;глобализация;;
12;план;;
12;предпосылка;;
12;территория;;
12;стратегия;;
13;состав;;
13;угроза;;
13;феномен;;
13;выработка;;
13;стартап;;
13;попытка;;
13;др;;
13;прогнозирование;;
13;итог;;
13;администрирование;;
13;сохранение;;
13;стабильность;;
13;регулятор;;
13;существование;;
13;поставка;;
13;университет;;
13;индекс;;
13;отход;;
14;критерий;;
14;налогообложение;;
14;фатф;;
14;анонимность;;
14;целое;;
14;клетка;;
14;стадия;;
14;коэффициент;;
14;белок;;
14;процедура;;
14;взгляд;;
14;представление;;
14;логистика;;
14;раскрытие;;
14;понимание;;
14;биржа;;
14;кризис;;
14;а;;
14;пространство;;
14;познание;;
15;оптимизация;;
15;вариант;;
15;подготовка;;
15;обоснование;;
15;договор;;
15;изображение;;
15;доступность;;
15;проверка;;
15;ответственность;;
15;возникновение;;
15;инструментарий;;
15;энергетика;;
15;единица;;
15;налог;;
15;популярность;;
15;надежность;;
15;потребность;;
15;население;;
15;суррогат;;
15;темп;;
15;контекст;;
15;продукция;;
15;студент;;
15;борьба;;
15;рубль;;
16;событие;;
16;канал;;
16;противодействие;;
16;ход;;
16;порядок;;
16;n;;
16;программирование;;
16;приложение;;
16;большинство;;
16;код;;
16;скорость;;
16;публикация;;
16;имущество;;
16;стандарт;;
16;сша;;
16;поддержка;;
16;кредитование;;
16;клиент;;
16;жизнь;;
16;bitcoin;;
17;ethereum;;
17;совершение;;
17;совокупность;;
17;увеличение;;
17;комплекс;;
17;систематизация;;
17;идея;;
17;получение;;
17;спектр;;
17;тема;;
17;ситуация;;
17;сегмент;;
17;финтех;;
17;выбор;;
17;волатильность;;
18;описание;;
18;правило;;
18;блок;;
18;история;;
18;продукт;;
18;энергия;;
18;принятие;;
18;документ;;
18;контроль;;
19;человек;;
19;ограничение;;
19;поиск;;
19;гипотеза;;
19;знание;;
19;цепь;;
19;финансы;;
19;доверие;;
19;специфика;;
20;методика;;
20;акт;;
20;заключение;;
20;последствие;;
20;торговля;;
20;сервис;;
20;распределение;;
20;власть;;
20;осуществление;;
20;будущее;;
20;инфраструктура;;
20;участие;;
20;эволюция;;
20;отмывание;;
21;обучение;;
21;образ;;
21;отличие;;
21;снижение;;
21;издержка;;
21;язык;;
21;наука;;
21;спрос;;
21;ресурс;;
22;классификация;;
22;новизна;;
22;соответствие;;
22;сделка;;
22;сигнал;;
22;вызов;;
22;контракт;;
22;источник;;
23;синтез;;
23;достижение;;
23;инвестор;;
23;момент;;
23;регион;;
23;интеграция;;
23;труд;;
23;капитал;;
24;рф;;
24;легализация;;
24;поток;;
24;рекомендация;;
24;наличие;;
25;норма;;
25;содержание;;
25;характер;;
25;требование;;
25;терроризм;;
25;выявление;;
25;передача;;
25;эффект;;
25;положение;;
26;значимость;;
26;день;;
26;бизнес-процесс;;
26;схема;;
26;товар;;
26;голосование;;
26;биткойный;;
27;обзор;;
27;идентификация;;
27;совершенствование;;
27;предложение;;
27;рассмотрение;;
27;ico;;
27;тренд;;
27;выпуск;;
27;г;;
27;природа;;
27;основание;;
27;недвижимость;;
28;хранение;;
28;привлечение;;
28;интернет;;
28;сущность;;
28;собственность;;
28;защита;;
28;блокчейн-технология;;
28;группа;;
28;производство;;
28;распространение;;
29;счет;;
29;концепция;;
29;актуальность;;
29;алгоритм;;
29;действие;;
29;случай;;
29;объем;;
29;переход;;
29;значение;;
29;институт;;
29;пользователь;;
30;blockchain;;
30;место;;
30;теория;;
30;количество;;
30;причина;;
30;обмен;;
30;инвестиция;;
30;либерализация;;
31;закон;;
31;обработка;;
31;явление;;
31;цена;;
31;мнение;;
32;свойство;;
32;лицо;;
32;статус;;
32;категория;;
32;орган;;
33;интерес;;
33;введение;;
33;показатель;;
33;потенциал;;
33;режим;;
33;субъект;;
33;трансформация;;
34;отсутствие;;
34;построение;;
34;бизнес;;
34;программа;;
34;зависимость;;
34;эмиссия;;
35;транзакция;;
35;мера;;
35;доход;;
35;токен;;
35;повышение;;
35;интеллект;;
35;частность;;
35;стоимость;;
36;предприятие;;
36;тип;;
36;среда;;
37;принцип;;
37;аспект;;
37;инновация;;
37;появление;;
38;динамика;;
38;период;;
39;степень;;
39;рамка;;
40;образование;;
40;сравнение;;
40;признак;;
40;параметр;;
41;зрение;;
41;сектор;;
42;методология;;
42;взаимодействие;;
42;преступление;;
43;законодательство;;
43;элемент;;
43;недостаток;;
43;путь;;
43;компания;;
43;платформа;;
44;роль;;
44;отрасль;;
44;общество;;
45;часть;;
45;моделирование;;
45;услуга;;
46;точка;;
46;учет;;
47;структура;;
47;функция;;
47;функционирование;;
47;рост;;
48;проведение;;
48;этап;;
48;тенденция;;
48;участник;;
48;материал;;
49;состояние;;
50;помощь;;
50;эффективность;;
51;мир;;
52;федерация;;
53;цифровизация;;
53;обращение;;
54;сеть;;
54;способ;;
54;курс;;
56;изучение;;
56;характеристика;;
56;реализация;;
56;безопасность;;
57;предмет;;
57;финансирование;;
57;позиция;;
58;пример;;
58;платеж;;
59;направление;;
59;преимущество;;
61;год;;
61;сторона;;
61;ряд;;
61;политика;;
63;формирование;;
63;смарт-контракт;;
63;понятие;;
64;разработка;;
64;расчет;;
64;оборот;;
65;связь;;
65;обеспечение;;
65;операция;;
67;число;;
67;государство;;
67;проект;;
68;база;;
69;форма;;
69;внимание;;
69;организация;;
69;объект;;
70;реестр;;
70;изменение;;
70;опыт;;
71;необходимость;;
74;практика;;
74;актив;;
74;биткоина;;
75;создание;;
75;задача;;
75;риск;;
76;фактор;;
77;область;;
81;механизм;;
81;внедрение;;
82;определение;;
88;перспектива;;
89;вид;;
89;уровень;;
94;управление;;
94;качество;;
97;отношение;;
99;информация;;
100;инструмент;;
101;решение;;
101;влияние;;
111;деятельность;;
112;особенность;;
113;время;;
113;право;;
117;вопрос;;
118;банк;;
119;вывод;;
119;оценка;;
123;россия;;
126;модель;;
126;условие;;
129;подход;;
135;средство;;
143;проблема;;
148;страна;;
153;данные;;
157;процесс;;
163;регулирование;;
164;сфера;;
174;основа;;
177;автор;;
180;результат;;
180;цель;;
182;возможность;;
190;валюта;;
190;рынок;;
191;работа;;
200;экономика;;
222;применение;;
225;метод;;
259;исследование;;
259;деньга;;
262;блокчейн;;
264;анализ;;
290;развитие;;
311;использование;;
357;статья;;
382;система;;
493;технология;;
560;криптовалюта;;
